{
  "coin": "BTC",
  "signal": "rsi-1min",
  "timestamp": "20251026_142502",
  "backtest_date": "2025-10-26T14:25:02.169659",
  "timerange": "7 Days",
  "position_size_usd": 100.0,
  "best_parameters": {
    "period": 10,
    "oversold": 35,
    "overbought": 65
  },
  "performance": {
    "total_profit_usd": 1.3993824024487962,
    "total_trades": 28,
    "winning_trades": 23,
    "losing_trades": 5,
    "win_rate": 82.14285714285714,
    "avg_profit": 0.04997794294459986,
    "signals_generated": 475
  }
}