{
  "coin": "ENA",
  "signal": "rsi-1min",
  "timestamp": "20251026_142502",
  "backtest_date": "2025-10-26T14:25:02.169527",
  "timerange": "7 Days",
  "position_size_usd": 100.0,
  "best_parameters": {
    "period": 10,
    "oversold": 35,
    "overbought": 68
  },
  "performance": {
    "total_profit_usd": 2.226492372262755,
    "total_trades": 26,
    "winning_trades": 20,
    "losing_trades": 6,
    "win_rate": 76.92307692307693,
    "avg_profit": 0.08563432201010597,
    "signals_generated": 418
  }
}