{
  "coin": "ENA",
  "signal": "rsi-1h",
  "timestamp": "20251026_143546",
  "backtest_date": "2025-10-26T14:35:46.745390",
  "timerange": "72 Hours",
  "position_size_usd": 100.0,
  "best_parameters": {
    "period": 14,
    "oversold": 28,
    "overbought": 68
  },
  "performance": {
    "total_profit_usd": 15.954548602893432,
    "total_trades": 18,
    "winning_trades": 13,
    "losing_trades": 5,
    "win_rate": 72.22222222222221,
    "avg_profit": 0.8863638112718574,
    "signals_generated": 316
  }
}