{
  "coin": "ETH",
  "signal": "rsi-1min",
  "timestamp": "20251026_183933",
  "backtest_date": "2025-10-26T18:39:33.887765",
  "timerange": "7 Days",
  "position_size_usd": 100.0,
  "best_parameters": {
    "period": 16,
    "oversold": 35,
    "overbought": 75
  },
  "performance": {
    "total_profit_usd": 1.2639335072078208,
    "total_trades": 7,
    "winning_trades": 6,
    "losing_trades": 1,
    "win_rate": 85.71428571428571,
    "avg_profit": 0.18056192960111725,
    "signals_generated": 221
  }
}