{
  "coin": "ETH",
  "signal": "rsi-1min",
  "timestamp": "20251026_140401",
  "backtest_date": "2025-10-26T14:04:01.027876",
  "timerange": "24 Hours",
  "position_size_usd": 100.0,
  "best_parameters": {
    "period": 20,
    "oversold": 35,
    "overbought": 75
  },
  "performance": {
    "total_profit_usd": 1.928356672283427,
    "total_trades": 7,
    "winning_trades": 6,
    "losing_trades": 1,
    "win_rate": 85.71428571428571,
    "avg_profit": 0.27547952461191816,
    "signals_generated": 109
  }
}