{
  "coin": "PAXG",
  "signal": "rsi-4h",
  "timestamp": "20251026_144436",
  "backtest_date": "2025-10-26T14:44:36.272460",
  "timerange": "72 Hours",
  "position_size_usd": 100.0,
  "best_parameters": {
    "period": 14,
    "oversold": 35,
    "overbought": 75
  },
  "performance": {
    "total_profit_usd": 20.852325229777733,
    "total_trades": 13,
    "winning_trades": 11,
    "losing_trades": 2,
    "win_rate": 84.61538461538461,
    "avg_profit": 1.6040250176752102,
    "signals_generated": 309
  }
}