{
  "coin": "PAXG",
  "signal": "rsi-1min",
  "timestamp": "20251026_171143",
  "backtest_date": "2025-10-26T17:11:43.640222",
  "timerange": "24 Hours",
  "position_size_usd": 100.0,
  "best_parameters": {
    "period": 12,
    "oversold": 32,
    "overbought": 72
  },
  "performance": {
    "total_profit_usd": 0.601904890507907,
    "total_trades": 26,
    "winning_trades": 19,
    "losing_trades": 7,
    "win_rate": 73.07692307692307,
    "avg_profit": 0.023150188096457962,
    "signals_generated": 535
  }
}