{
  "coin": "ZEC",
  "signal": "rsi-5min",
  "timestamp": "20251026_143416",
  "backtest_date": "2025-10-26T14:34:16.012375",
  "timerange": "24 Hours",
  "position_size_usd": 100.0,
  "best_parameters": {
    "period": 14,
    "oversold": 35,
    "overbought": 75
  },
  "performance": {
    "total_profit_usd": 33.157800816833316,
    "total_trades": 17,
    "winning_trades": 15,
    "losing_trades": 2,
    "win_rate": 88.23529411764706,
    "avg_profit": 1.9504588715784303,
    "signals_generated": 197
  }
}