{
  "coin": "ZEC",
  "signal": "rsi-1min",
  "timestamp": "20251026_183648",
  "backtest_date": "2025-10-26T18:36:48.071958",
  "timerange": "24 Hours",
  "position_size_usd": 100.0,
  "best_parameters": {
    "period": 10,
    "oversold": 28,
    "overbought": 68
  },
  "performance": {
    "total_profit_usd": 12.062450717629376,
    "total_trades": 19,
    "winning_trades": 15,
    "losing_trades": 4,
    "win_rate": 78.94736842105263,
    "avg_profit": 0.6348658272436514,
    "signals_generated": 321
  }
}