{
  "coin": "ZEC",
  "signal": "rsi-4h",
  "timestamp": "20251026_144436",
  "backtest_date": "2025-10-26T14:44:36.271551",
  "timerange": "72 Hours",
  "position_size_usd": 100.0,
  "best_parameters": {
    "period": 18,
    "oversold": 35,
    "overbought": 75
  },
  "performance": {
    "total_profit_usd": 218.47861187230458,
    "total_trades": 13,
    "winning_trades": 11,
    "losing_trades": 2,
    "win_rate": 84.61538461538461,
    "avg_profit": 16.80604706710035,
    "signals_generated": 225
  }
}