{
  "coin": "ZEN",
  "signal": "sma-5min",
  "timestamp": "20251026_170738",
  "backtest_date": "2025-10-26T17:07:38.463338",
  "timerange": "72 Hours",
  "position_size_usd": 100.0,
  "best_parameters": {
    "period": 15,
    "oversold": 20,
    "overbought": 0
  },
  "performance": {
    "total_profit_usd": 13.243999103019487,
    "total_trades": 31,
    "winning_trades": 14,
    "losing_trades": 17,
    "win_rate": 45.16129032258064,
    "avg_profit": 0.42722577751675767,
    "signals_generated": 64
  }
}