{
  "coin": "ZEN",
  "signal": "rsi-1min",
  "timestamp": "20251026_183812",
  "backtest_date": "2025-10-26T18:38:12.175282",
  "timerange": "72 Hours",
  "position_size_usd": 100.0,
  "best_parameters": {
    "period": 10,
    "oversold": 35,
    "overbought": 72
  },
  "performance": {
    "total_profit_usd": 7.185172742189686,
    "total_trades": 23,
    "winning_trades": 16,
    "losing_trades": 7,
    "win_rate": 69.56521739130434,
    "avg_profit": 0.31239881487781246,
    "signals_generated": 358
  }
}