{
  "coin": "ZEN",
  "signal": "rsi-1min",
  "timestamp": "20251026_140401",
  "backtest_date": "2025-10-26T14:04:01.027538",
  "timerange": "24 Hours",
  "position_size_usd": 100.0,
  "best_parameters": {
    "period": 12,
    "oversold": 35,
    "overbought": 70
  },
  "performance": {
    "total_profit_usd": 18.714305906000654,
    "total_trades": 19,
    "winning_trades": 17,
    "losing_trades": 2,
    "win_rate": 89.47368421052632,
    "avg_profit": 0.9849634687368765,
    "signals_generated": 286
  }
}